{
  "iterations": 50000,
  "avgMs": 0.001162,
  "p50Ms": 0.000542,
  "p95Ms": 0.001083,
  "p99Ms": 0.003666,
  "maxMs": 2.183958,
  "thresholdCheck": {
    "lt10ms": true,
    "lt1ms": true
  }
}
